postcode,sector,easting,northing,localAuthority
YO62 4LS,YO62 4,467631.0,472825.0,Ryedale
DE2 3DA,DE2 3,434011.0,330722.0,South Derbyshire
LN5 7RW,LN5 7,497441.0,370798.0,Lincoln
CM3 1DW,CM3 1,571061.0,207179.0,Chelmsford
CH60 0WA,CH60 0,326913.0,381988.0,Wirral
WS11 8XR,WS11 8,398564.0,308532.0,Cannock Chase
NR32 2NF,NR32 2,654500.0,293700.0,East Suffolk
M24 2TS,M24 2,388320.0,405802.0,Rochdale
SO31 6BW,SO31 6,450124.0,107139.0,Fareham
CH1 1GZ,CH1 1,340737.0,366178.0,Cheshire West and Chester
RG40 3TA,RG40 3,480366.0,163625.0,Wokingham
RM1 2YA,RM1 2,550531.0,187941.0,Havering
CM14 5TE,CM14 5,556422.0,197830.0,Brentwood
SL6 3BS,SL6 3,487230.0,179676.0,Windsor and Maidenhead
RG26 9DG,RG26 9,462321.0,153521.0,Basingstoke and Deane
HU17 7AQ,HU17 7,502909.0,439930.0,East Riding of Yorkshire
RH13 7JT,RH13 7,515772.0,129162.0,Horsham
NW11 7XG,NW11 7,524968.0,188785.0,Barnet
PO3 5QP,PO3 5,466853.0,102850.0,Portsmouth
TF9 9DY,TF9 9,367497.0,334321.0,Shropshire
CV10 7AU,CV10 7,436180.0,289947.0,Nuneaton and Bedworth
IG10 2QH,IG10 2,543181.0,197561.0,Epping Forest
CM7 9AU,CM7 9,576095.0,224164.0,Braintree
WA4 1JE,WA4 1,362230.0,387327.0,Warrington
BN1 6QB,BN1 6,530647.0,106685.0,Brighton and Hove
AL1 5FW,AL1 5,517011.0,206639.0,St Albans
CM5 0BE,CM5 0,554737.0,203975.0,Epping Forest
W12 0EB,W12 0,523006.0,181208.0,Hammersmith and Fulham
LE9 7BB,LE9 7,446910.0,297870.0,Hinckley and Bosworth
HD4 6TJ,HD4 6,416625.0,414483.0,Kirklees
LA1 3JJ,LA1 3,349329.0,460613.0,Lancaster
SS16 5SU,SS16 5,569400.0,187700.0,Basildon
DL1 5GU,DL1 5,429177.0,514182.0,Darlington
NE67 5DZ,NE67 5,417848.0,622389.0,Northumberland
CB1 0NY,CB1 0,546182.0,257043.0,Cambridge
NW3 9XQ,NW3 9,526702.0,185514.0,Camden
HU8 9HE,HU8 9,513459.0,432489.0,"Kingston upon Hull, City of"
PE29 1HY,PE29 1,524008.0,272098.0,Huntingdonshire
ME10 2LE,ME10 2,590079.0,164254.0,Swale
RG26 5YZ,RG26 5,466800.0,158700.0,Basingstoke and Deane
EC3N 3AN,EC3N 3,533459.0,180959.0,City of London
CA11 9DY,CA11 9,350905.0,530053.0,Eden
E11 1PD,E11 1,540419.0,189272.0,Redbridge
WA11 8ER,WA11 8,348270.0,400288.0,St. Helens
RG45 7PN,RG45 7,483798.0,163204.0,Bracknell Forest
NE6 3DZ,NE6 3,429263.0,564026.0,Newcastle upon Tyne
M23 2XB,M23 2,381265.0,387255.0,Manchester
PE1 4QS,PE1 4,519370.0,300642.0,Peterborough
TR14 8US,TR14 8,164797.0,39742.0,Cornwall
PE19 5GH,PE19 5,521843.0,265780.0,Huntingdonshire
TN37 7TT,TN37 7,578831.0,112681.0,Hastings
NN7 4BQ,NN7 4,469963.0,259537.0,West Northamptonshire
YO1 4QJ,YO1 4,461436.0,448534.0,York
WS13 7SB,WS13 7,412256.0,311370.0,Lichfield
LN11 9LA,LN11 9,532585.0,387129.0,East Lindsey
GU13 8HG,GU13 8,479563.0,154178.0,Hart
SE15 6DN,SE15 6,533376.0,177221.0,Southwark
HP1 1UR,HP1 1,504864.0,206845.0,Dacorum
NN16 6GZ,NN16 6,499524.0,278638.0,North Northamptonshire
N14 4ER,N14 4,529306.0,195823.0,Enfield
SO40 8RX,SO40 8,435116.0,113212.0,New Forest
SW1V 1YD,SW1V 1,529046.0,179013.0,Westminster
CA8 7NE,CA8 7,365178.0,559862.0,Northumberland
W9 3PE,W9 3,524963.0,182245.0,Westminster
BR2 9PZ,BR2 9,542051.0,167743.0,Bromley
WD19 4YZ,WD19 4,509240.0,195710.0,Watford
WR11 1AT,WR11 1,404413.0,243535.0,Wychavon
GU11 4DQ,GU11 4,486023.0,151556.0,Rushmoor
CV22 5BA,CV22 5,451969.0,274220.0,Rugby
DY5 4JF,DY5 4,391658.0,289252.0,Dudley
LS14 1LS,LS14 1,434508.0,436657.0,Leeds
L2 9TA,L2 9,334282.0,390369.0,Liverpool
SW17 7FS,SW17 7,527625.0,171548.0,Wandsworth
N15 4UU,N15 4,533787.0,189340.0,Haringey
MK40 2UD,MK40 2,504655.0,250419.0,Bedford
OX16 6FQ,OX16 6,446207.0,240563.0,Cherwell
NG19 9PW,NG19 9,455259.0,363634.0,Mansfield
BS40 9YG,BS40 9,352657.0,165432.0,North Somerset
NW2 9DT,NW2 9,523943.0,186325.0,Barnet
PO2 7LE,PO2 7,465848.0,101923.0,Portsmouth
CV6 6ND,CV6 6,434300.0,282800.0,Coventry
TQ14 9YE,TQ14 9,294117.0,72841.0,Teignbridge
BL8 3HA,BL8 3,377763.0,412771.0,Bury
CR5 2FG,CR5 2,529967.0,159683.0,Croydon
IP1 2WG,IP1 2,615845.0,244058.0,Ipswich
L4 1XZ,L4 1,334913.0,393402.0,Liverpool
B73 5JT,B73 5,411339.0,292999.0,Birmingham
BN2 4QW,BN2 4,531040.0,104624.0,Brighton and Hove
PO37 6AA,PO37 6,458216.0,81145.0,Isle of Wight
S25 2QA,S25 2,453496.0,386352.0,Rotherham
BH9 1JR,BH9 1,408720.0,93649.0,"Bournemouth, Christchurch and Poole"
PO18 8SA,PO18 8,477595.0,105298.0,Chichester
BB11 9AX,BB11 9,384228.0,432762.0,Burnley
SG4 7TJ,SG4 7,521581.0,227594.0,North Hertfordshire
CM21 0LE,CM21 0,545240.0,216094.0,East Hertfordshire
MK14 5WN,MK14 5,480418.0,239446.0,Milton Keynes
TA12 6FW,TA12 6,345991.0,119992.0,South Somerset
M33 5EE,M33 5,377118.0,391906.0,Trafford
L7 2QP,L7 2,336887.0,390575.0,Liverpool
MK43 0AT,MK43 0,496185.0,245129.0,Central Bedfordshire
CV36 4NY,CV36 4,425568.0,243627.0,Stratford-on-Avon
NE48 2ED,NE48 2,384335.0,583446.0,Northumberland
TA21 0JB,TA21 0,303724.0,121077.0,Somerset West and Taunton
NG32 3ND,NG32 3,500424.0,338972.0,South Kesteven
PR4 6EP,PR4 6,344306.0,422351.0,West Lancashire
FY5 3JB,FY5 3,332515.0,441215.0,Blackpool
OX1 4DW,OX1 4,452020.0,206143.0,Oxford
TQ12 3NW,TQ12 3,286991.0,74625.0,Teignbridge
LE5 6LR,LE5 6,463507.0,303332.0,Leicester
SR5 5DF,SR5 5,436422.0,559290.0,Sunderland
NN1 2AX,NN1 2,475174.0,260533.0,West Northamptonshire
RM8 1WA,RM8 1,548598.0,186019.0,Barking and Dagenham
HA5 4LB,HA5 4,512930.0,191267.0,Harrow
SE3 8TF,SE3 8,540700.0,177400.0,Greenwich
NR17 2HQ,NR17 2,604150.0,294315.0,Breckland
W2 1FJ,W2 1,526711.0,181295.0,Westminster
CH65 9HD,CH65 9,340992.0,374555.0,Cheshire West and Chester
GL20 9AR,GL20 9,391507.0,233879.0,Tewkesbury
WR4 0LN,WR4 0,388141.0,255061.0,Worcester
SO31 6RU,SO31 6,451946.0,107011.0,Fareham
GL12 8YB,GL12 8,375751.0,193264.0,Stroud
AL8 6LA,AL8 6,522959.0,212549.0,Welwyn Hatfield
NR1 1LN,NR1 1,623518.0,308648.0,Norwich
W1X 0JH,W1X 0,528800.0,180800.0,Westminster
LS6 1BA,LS6 1,428465.0,435336.0,Leeds
SE16 5WH,SE16 5,533378.0,178838.0,Southwark
M13 9FR,M13 9,385736.0,396509.0,Manchester
DT1 2BX,DT1 2,369464.0,89808.0,Dorset
RM3 0XG,RM3 0,554023.0,190676.0,Havering
SG4 0FJ,SG4 0,520200.0,229200.0,North Hertfordshire
GU24 9PJ,GU24 9,494553.0,160876.0,Surrey Heath
HR4 8AA,HR4 8,350502.0,243456.0,"Herefordshire, County of"
AL8 7AN,AL8 7,524245.0,214371.0,Welwyn Hatfield
DL7 8JG,DL7 8,435761.0,493266.0,Hambleton
B91 2PP,B91 2,416205.0,280459.0,Solihull
CA2 6RP,CA2 6,338135.0,555001.0,Carlisle
SG9 9PY,SG9 9,531614.0,229547.0,East Hertfordshire
MK11 9FS,MK11 9,480418.0,239446.0,Milton Keynes
HU3 3DY,HU3 3,508200.0,427600.0,"Kingston upon Hull, City of"
S63 6BB,S63 6,441726.0,401176.0,Rotherham
IP12 4TS,IP12 4,624296.0,246380.0,East Suffolk
SO14 3PG,SO14 3,442485.0,111131.0,Southampton
SO16 7ZH,SO16 7,441495.0,116181.0,Southampton
SR8 5HS,SR8 5,442764.0,541109.0,County Durham
TA10 0LF,TA10 0,340550.0,125104.0,South Somerset
SK8 7DX,SK8 7,388121.0,385674.0,Stockport
CO2 8NJ,CO2 8,599957.0,222649.0,Colchester
SK10 4UJ,SK10 4,382386.0,376627.0,Cheshire East
SO51 9LG,SO51 9,436018.0,117812.0,Test Valley
DH1 5YZ,DH1 5,427279.0,544923.0,County Durham
YO51 9YR,YO51 9,439564.0,466901.0,Harrogate
NN11 0GF,NN11 0,457535.0,264582.0,West Northamptonshire
DT2 7FR,DT2 7,370296.0,91593.0,Dorset
CB4 6EU,CB4 6,547273.0,262831.0,South Cambridgeshire
UB10 0HA,UB10 0,507200.0,183100.0,Hillingdon
NE45 5DR,NE45 5,399187.0,564564.0,Northumberland
SK16 5JR,SK16 5,394609.0,396553.0,Tameside
BS34 9EP,BS34 9,360519.0,181775.0,South Gloucestershire
FY5 3RJ,FY5 3,332317.0,441683.0,Blackpool
HA7 4GU,HA7 4,518142.0,190895.0,Harrow
WS1 3QU,WS1 3,400884.0,298109.0,Walsall
RM10 7TB,RM10 7,550273.0,185507.0,Barking and Dagenham
WV10 0HX,WV10 0,392952.0,299341.0,Wolverhampton
BS30 8BZ,BS30 8,366666.0,172392.0,South Gloucestershire
SO4 6YU,SO4 6,442404.0,107940.0,New Forest
AL3 4GL,AL3 4,513475.0,206241.0,St Albans
ST5 1ZX,ST5 1,384987.0,346103.0,Newcastle-under-Lyme
PO20 1ZF,PO20 1,485922.0,104179.0,Chichester
HP12 9FB,HP12 9,485220.0,192198.0,Buckinghamshire
BA14 9JF,BA14 9,383963.0,156823.0,Wiltshire
GL50 1JQ,GL50 1,394900.0,222300.0,Cheltenham
BB4 6TR,BB4 6,379203.0,422248.0,Rossendale
UB3 9DN,UB3 9,510140.0,179496.0,Hillingdon
OL8 4DL,OL8 4,391745.0,403595.0,Oldham
SE28 8BL,SE28 8,546923.0,180537.0,Greenwich
OL15 0LW,OL15 0,394664.0,417443.0,Rochdale
DT4 7LB,DT4 7,367825.0,80656.0,Dorset
BN24 5JD,BN24 5,563507.0,104622.0,Wealden
BA5 1UH,BA5 1,354727.0,145303.0,Mendip
EN5 5RF,EN5 5,526643.0,195410.0,Barnet
OX16 0AT,OX16 0,444424.0,240453.0,Cherwell
CO1 2XQ,CO1 2,601700.0,224800.0,Colchester
M60 2LA,M60 2,385021.0,398985.0,Manchester
SO4 8ND,SO4 8,431400.0,98100.0,New Forest
EX20 4ER,EX20 4,251733.0,89301.0,West Devon
ST17 0BT,ST17 0,394667.0,322213.0,Stafford
B67 6QS,B67 6,401308.0,287402.0,Sandwell
BS41 8LT,BS41 8,355100.0,166313.0,North Somerset
GL17 9NH,GL17 9,360200.0,215900.0,Forest of Dean
DH3 3JU,DH3 3,427349.0,550444.0,County Durham
SW19 9PE,SW19 9,524334.0,170172.0,Merton
TF2 7SB,TF2 7,370846.0,313194.0,Telford and Wrekin
L3 5QR,L3 5,335562.0,390524.0,Liverpool
BN11 9SX,BN11 9,514862.0,102884.0,Worthing
SK10 4RY,SK10 4,386998.0,375415.0,Cheshire East
E7 9AU,E7 9,539895.0,184844.0,Newham
LS5 3QB,LS5 3,425355.0,437489.0,Leeds
CR4 1AG,CR4 1,529028.0,169525.0,Merton
PE8 5EX,PE8 5,504631.0,288165.0,North Northamptonshire
TA4 4RN,TA4 4,308843.0,141600.0,Somerset West and Taunton
BH11 8LN,BH11 8,405654.0,95184.0,"Bournemouth, Christchurch and Poole"
L2 2HD,L2 2,334309.0,390566.0,Liverpool
HD7 3LJ,HD7 3,409175.0,410894.0,Kirklees
LA14 2NH,LA14 2,319487.0,469270.0,Barrow-in-Furness
GL1 5QU,GL1 5,382212.0,216561.0,Gloucester
TS21 3BT,TS21 3,435524.0,529026.0,County Durham
L48 5DL,L48 5,321200.0,387700.0,Wirral
S80 4HZ,S80 4,451590.0,374143.0,Bolsover
BB2 6RE,BB2 6,364034.0,426919.0,Blackburn with Darwen
IP22 1YQ,IP22 1,611730.0,279952.0,South Norfolk
SE23 3HW,SE23 3,535372.0,172786.0,Lewisham
B19 1DS,B19 1,405894.0,288732.0,Birmingham
LS27 7FE,LS27 7,424389.0,428305.0,Leeds
EC88 1BR,EC88 1,533221.0,182597.0,Hackney
NE30 1NT,NE30 1,435652.0,568330.0,North Tyneside
LS17 1AD,LS17 1,430772.0,439564.0,Leeds
W1F 9PB,W1F 9,529308.0,180939.0,Westminster
RH2 8BQ,RH2 8,525616.0,149306.0,Reigate and Banstead
TQ13 8DW,TQ13 8,270186.0,87735.0,West Devon
PE27 9DP,PE27 9,531327.0,271221.0,Huntingdonshire
WA4 2JQ,WA4 2,365024.0,387330.0,Warrington
NE61 3DF,NE61 3,418932.0,590218.0,Northumberland
BB10 4RH,BB10 4,387356.0,430210.0,Burnley
DL16 7JJ,DL16 7,426003.0,531319.0,County Durham
M28 3LH,M28 3,373894.0,403278.0,Salford
CM7 4EP,CM7 4,572815.0,232597.0,Braintree
GU17 0SD,GU17 0,483320.0,160534.0,Hart
YO6 5BS,YO6 5,461309.0,483832.0,Ryedale
NE25 0AR,NE25 0,430776.0,575435.0,Northumberland
PR6 7ET,PR6 7,357348.0,423216.0,Chorley
SY5 0EE,SY5 0,333032.0,301083.0,Shropshire
N22 4TJ,N22 4,530731.0,190575.0,Haringey
LE8 6WB,LE8 6,456246.0,296180.0,Blaby
CO12 4FU,CO12 4,624004.0,231223.0,Tendring
BN17 7QG,BN17 7,502524.0,104823.0,Arun
NE43 7DJ,NE43 7,407300.0,562200.0,Northumberland
LS14 6TF,LS14 6,434686.0,435330.0,Leeds
B31 1HH,B31 1,401490.0,280791.0,Birmingham
PO30 9GT,PO30 9,449898.0,89944.0,Isle of Wight
SN10 2QU,SN10 2,399733.0,161831.0,Wiltshire
OL12 8QR,OL12 8,388300.0,417800.0,Rossendale
DY4 7NN,DY4 7,397196.0,292679.0,Sandwell
EN9 2BF,EN9 2,538881.0,207092.0,Epping Forest
SO31 6EE,SO31 6,450379.0,107337.0,Fareham
B74 3HX,B74 3,408088.0,298147.0,Walsall
ST7 1QR,ST7 1,383144.0,352531.0,Newcastle-under-Lyme
PR25 4GT,PR25 4,355091.0,423902.0,South Ribble
BS17 6HZ,BS17 6,372107.0,181938.0,South Gloucestershire
SW8 4WJ,SW8 4,529940.0,176846.0,Lambeth
SM2 5NN,SM2 5,525739.0,162103.0,Sutton
SW6 7AP,SW6 7,524808.0,177068.0,Hammersmith and Fulham
AL8 6HH,AL8 6,523488.0,212739.0,Welwyn Hatfield
OL8 4LQ,OL8 4,391400.0,403400.0,Oldham
SO40 8JE,SO40 8,434019.0,113733.0,New Forest
E1 4LW,E1 4,535500.0,182000.0,Tower Hamlets
TN32 5QN,TN32 5,578603.0,122552.0,Rother
BD1 9JL,BD1 9,416176.0,434018.0,Bradford
WD1 5AL,WD1 5,512463.0,194012.0,Three Rivers
BS49 4HP,BS49 4,343231.0,165144.0,North Somerset
SO18 5GS,SO18 5,446241.0,113719.0,Southampton
DE7 5QQ,DE7 5,446539.0,341469.0,Erewash
SN10 2GP,SN10 2,402908.0,163062.0,Wiltshire
BH14 0JN,BH14 0,403061.0,91500.0,"Bournemouth, Christchurch and Poole"
BS16 1XB,BS16 1,362153.0,175988.0,"Bristol, City of"
UB5 5AU,UB5 5,511799.0,183297.0,Ealing
IP1 2PA,IP1 2,615325.0,245367.0,Ipswich
WN2 5DZ,WN2 5,359892.0,402661.0,Wigan
CV34 5DY,CV34 5,427626.0,265760.0,Warwick
M27 8XB,M27 8,379469.0,400907.0,Salford
SM1 9BZ,SM1 9,525907.0,163866.0,Sutton
KT21 2JY,KT21 2,517669.0,157596.0,Mole Valley
WA6 9EF,WA6 9,351656.0,371709.0,Cheshire West and Chester
WR14 1LT,WR14 1,378101.0,247928.0,Malvern Hills
SE1 1AG,SE1 1,533378.0,178838.0,Southwark
NG2 5XZ,NG2 5,458183.0,338985.0,Nottingham
LU6 3TE,LU6 3,502391.0,221277.0,Central Bedfordshire
NR31 0PG,NR31 0,652438.0,305253.0,Great Yarmouth
NW1 4BA,NW1 4,528897.0,182947.0,Camden
OX10 6LY,OX10 6,461606.0,191889.0,South Oxfordshire
LA22 0DQ,LA22 0,337643.0,503918.0,South Lakeland
YO23 7BR,YO23 7,455342.0,442547.0,Selby
LS28 6YF,LS28 6,422159.0,433314.0,Leeds
HA2 7LN,HA2 7,513223.0,188166.0,Harrow
BS37 6FY,BS37 6,373130.0,182817.0,South Gloucestershire
EX17 3QB,EX17 3,282185.0,97602.0,Mid Devon
LS13 2JW,LS13 2,425266.0,435483.0,Leeds
L36 9FP,L36 9,344360.0,391010.0,Knowsley
M25 9AB,M25 9,381788.0,402384.0,Bury
CW3 9NL,CW3 9,377197.0,344524.0,Newcastle-under-Lyme
SE17 3BH,SE17 3,532077.0,178332.0,Southwark
CV1 2BH,CV1 2,434423.0,278682.0,Coventry
CO4 9WQ,CO4 9,600548.0,228682.0,Colchester
TS14 6DS,TS14 6,461286.0,515924.0,Redcar and Cleveland
W1A 6WN,W1A 6,529554.0,181451.0,Westminster
KT10 0JP,KT10 0,515760.0,163473.0,Elmbridge
L65 9BW,L65 9,340000.0,374500.0,Cheshire West and Chester
GL7 3LE,GL7 3,424634.0,202721.0,West Oxfordshire
HG1 4PG,HG1 4,431404.0,456372.0,Harrogate
NR12 7DU,NR12 7,627441.0,319837.0,Broadland
NR26 8AN,NR26 8,615596.0,342397.0,North Norfolk
N15 4AB,N15 4,532713.0,189379.0,Haringey
TQ1 4RS,TQ1 4,291547.0,66330.0,Torbay
M35 7RG,M35 7,389540.0,399283.0,Tameside
EN5 2RU,EN5 2,523724.0,195828.0,Barnet
TQ5 8WX,TQ5 8,292285.0,56061.0,Torbay
N8 8EJ,N8 8,529731.0,188159.0,Haringey
CA5 2PG,CA5 2,311188.0,541667.0,Allerdale
DA17 6WN,DA17 6,549223.0,179029.0,Bexley
HP1 9AN,HP1 9,505728.0,206630.0,Dacorum
CM3 5DU,CM3 5,581128.0,197080.0,Chelmsford
TA9 4QD,TA9 4,336315.0,147582.0,Sedgemoor
E17 8YW,E17 8,537412.0,189266.0,Waltham Forest
BA3 1DN,BA3 1,368643.0,159138.0,Bath and North East Somerset
B20 2SP,B20 2,405558.0,290580.0,Birmingham
DL5 7YG,DL5 7,427863.0,524015.0,County Durham
TR10 8NB,TR10 8,177893.0,33772.0,Cornwall
SK23 7PE,SK23 7,401010.0,382848.0,High Peak
HR4 0SJ,HR4 0,347293.0,241395.0,"Herefordshire, County of"
TN12 5AG,TN12 5,566860.0,148651.0,Tonbridge and Malling
SP11 6TJ,SP11 6,438781.0,145212.0,Test Valley
PO2 0NH,PO2 0,465268.0,102448.0,Portsmouth
DA9 9RT,DA9 9,558244.0,174503.0,Dartford
B16 9LS,B16 9,403605.0,286057.0,Birmingham
EX16 6AR,EX16 6,295725.0,113084.0,Mid Devon
PR8 1NT,PR8 1,333549.0,417382.0,Sefton
NE30 2PX,NE30 2,436220.0,569757.0,North Tyneside
EX35 6WB,EX35 6,271808.0,149437.0,North Devon
UB6 0DQ,UB6 0,514909.0,184752.0,Ealing
LS27 1FE,LS27 1,426526.0,427540.0,Leeds
WR14 1SQ,WR14 1,377451.0,247525.0,Malvern Hills
SL4 9DF,SL4 9,496593.0,176716.0,Windsor and Maidenhead
BD7 4LR,BD7 4,413200.0,430600.0,Bradford
RH11 0ER,RH11 0,525007.0,137360.0,Crawley
BB10 3AN,BB10 3,384500.0,433800.0,Burnley
LE1 7LG,LE1 7,459424.0,303608.0,Leicester
SO18 5NZ,SO18 5,445982.0,113678.0,Southampton
TF13 6PN,TF13 6,364103.0,299749.0,Shropshire
TQ5 9QY,TQ5 9,291932.0,54955.0,Torbay
BA4 6NL,BA4 6,365406.0,135877.0,Mendip
PO14 3JH,PO14 3,454453.0,102093.0,Fareham
IP27 0DQ,IP27 0,579331.0,286515.0,West Suffolk
SW2 2LJ,SW2 2,531004.0,174206.0,Lambeth
EC1Y 0TJ,EC1Y 0,532214.0,182246.0,Islington
TA1 9GJ,TA1 9,322267.0,125484.0,Somerset West and Taunton
LE1 1SJ,LE1 1,459344.0,304545.0,Leicester
SK13 0HA,SK13 0,400838.0,394674.0,High Peak
HR4 7ER,HR4 7,345050.0,243386.0,"Herefordshire, County of"
WA15 0EE,WA15 0,378966.0,385493.0,Trafford
M9 4FE,M9 4,386446.0,402094.0,Manchester
BD21 5HB,BD21 5,405495.0,439233.0,Bradford
CV21 3PA,CV21 3,451461.0,275432.0,Rugby
NE21 5SY,NE21 5,419600.0,563400.0,Gateshead
TS1 2UD,TS1 2,449944.0,520039.0,Middlesbrough
EX36 3NA,EX36 3,271913.0,127140.0,North Devon
N2 8WA,N2 8,527037.0,189581.0,Barnet
DY2 8XE,DY2 8,393792.0,289430.0,Dudley
PR1 9DJ,PR1 9,352555.0,426541.0,South Ribble
DH3 2HY,DH3 2,428104.0,555036.0,Gateshead
SE6 3QX,SE6 3,537363.0,171464.0,Lewisham
BA3 3ZD,BA3 3,368651.0,154675.0,Bath and North East Somerset
TN23 9PF,TN23 9,601229.0,142520.0,Ashford
BB1 9AL,BB1 9,367333.0,433617.0,Ribble Valley
SG9 0JB,SG9 0,545471.0,228666.0,East Hertfordshire
LA6 2PY,LA6 2,357684.0,481775.0,South Lakeland
KT19 8NB,KT19 8,519737.0,161495.0,Epsom and Ewell
DH9 0LS,DH9 0,420306.0,554313.0,County Durham
RG26 6WP,RG26 6,462700.0,161800.0,Basingstoke and Deane
SN5 9PU,SN5 9,411985.0,185153.0,Swindon
PE2 2EP,PE2 2,516109.0,303124.0,Peterborough
RH13 0LY,RH13 0,515134.0,128572.0,Horsham
SS9 3TP,SS9 3,582213.0,187382.0,Castle Point
WF13 3JS,WF13 3,422493.0,420310.0,Kirklees
LA11 6EW,LA11 6,341693.0,478675.0,South Lakeland
WS11 3DA,WS11 3,398198.0,308569.0,Cannock Chase
B23 6JR,B23 6,410548.0,292300.0,Birmingham
M35 9DA,M35 9,389975.0,401571.0,Oldham
CV2 5ZA,CV2 5,433374.0,279470.0,Coventry
SG3 6UD,SG3 6,525213.0,219550.0,North Hertfordshire
BL2 1WW,BL2 1,372600.0,409200.0,Bolton
TF9 3TN,TF9 3,367384.0,339243.0,Shropshire
BR6 0LP,BR6 0,546200.0,166300.0,Bromley
IP17 3JS,IP17 3,638801.0,269403.0,East Suffolk
KT4 7RS,KT4 7,521266.0,166292.0,Kingston upon Thames
PO21 4RN,PO21 4,489187.0,98147.0,Arun
TW15 1FR,TW15 1,508230.0,170990.0,Spelthorne
MK5 7PD,MK5 7,483884.0,236144.0,Milton Keynes
SE15 6WU,SE15 6,534080.0,176520.0,Southwark
NN1 9DG,NN1 9,474354.0,259972.0,West Northamptonshire
M24 1TU,M24 1,387756.0,404459.0,Rochdale
CM4 0FG,CM4 0,564881.0,199531.0,Brentwood
OX3 0JJ,OX3 0,453085.0,207710.0,Oxford
CH49 2QH,CH49 2,325415.0,387768.0,Wirral
BS6 5HZ,BS6 5,359814.0,174605.0,"Bristol, City of"
E5 9TW,E5 9,534748.0,186358.0,Hackney
SN5 9XB,SN5 9,411003.0,185744.0,Swindon
CO10 1HJ,CO10 1,587174.0,241441.0,Babergh
SN8 1XD,SN8 1,418100.0,168800.0,Wiltshire
DE21 4LT,DE21 4,436130.0,336661.0,Derby
EX22 6XB,EX22 6,224323.0,98875.0,Cornwall
CT9 4AE,CT9 4,636085.0,169882.0,Thanet
NG7 4AQ,NG7 4,456483.0,340680.0,Nottingham
DH3 1AR,DH3 1,427392.0,555855.0,Gateshead
NE29 8TA,NE29 8,432984.0,569679.0,North Tyneside
NG24 4SW,NG24 4,478341.0,352721.0,Newark and Sherwood
PE2 6TH,PE2 6,515125.0,294760.0,Peterborough
GU35 9QB,GU35 9,479300.0,134400.0,East Hampshire
PO40 0AL,PO40 0,433643.0,87125.0,Isle of Wight
M24 4DW,M24 4,386438.0,405723.0,Rochdale
M23 8TU,M23 8,380851.0,387248.0,Manchester
LN11 7SW,LN11 7,543871.0,389672.0,East Lindsey
LE6 0XD,LE6 0,451752.0,305600.0,Hinckley and Bosworth
BS1 6NW,BS1 6,359194.0,172293.0,"Bristol, City of"
UB10 0XD,UB10 0,506755.0,183559.0,Hillingdon
SK4 3FE,SK4 3,389357.0,390095.0,Stockport
BS30 5RY,BS30 5,372251.0,172304.0,South Gloucestershire
WV1 3XD,WV1 3,392321.0,298952.0,Wolverhampton
SW2 1PY,SW2 1,531414.0,174679.0,Lambeth
PE5 7BH,PE5 7,512633.0,298309.0,Peterborough
CA4 8AW,CA4 8,345063.0,556479.0,Carlisle
GU11 3YF,GU11 3,485703.0,150421.0,Rushmoor
RH19 2DJ,RH19 2,539095.0,139280.0,Mid Sussex
CO6 2AZ,CO6 2,589449.0,230133.0,Colchester
B14 5PX,B14 5,406364.0,278562.0,Birmingham
HR3 5SX,HR3 5,328858.0,244664.0,"Herefordshire, County of"
PO4 9EJ,PO4 9,466241.0,99361.0,Portsmouth
SY4 3DL,SY4 3,351313.0,321330.0,Shropshire
BR4 9WN,BR4 9,538250.0,165993.0,Bromley
CM0 8AG,CM0 8,595080.0,195586.0,Maldon
AL10 9RZ,AL10 9,520762.0,208040.0,Welwyn Hatfield
B27 7DA,B27 7,412013.0,282634.0,Birmingham
B17 0PT,B17 0,403234.0,283841.0,Birmingham
N19 5XQ,N19 5,529142.0,186631.0,Islington
NG17 3GY,NG17 3,448284.0,360734.0,Ashfield
DE24 8SP,DE24 8,437030.0,333801.0,Derby
CH60 6TX,CH60 6,326267.0,382473.0,Wirral
OX8 5LE,OX8 5,435264.0,210102.0,West Oxfordshire
S30 6FT,S30 6,425438.0,402747.0,Barnsley
WF12 7DG,WF12 7,424956.0,421805.0,Kirklees
NW4 3BY,NW4 3,522738.0,188928.0,Barnet
SE17 3AB,SE17 3,532118.0,178403.0,Southwark
RG26 5NL,RG26 5,457619.0,162391.0,Basingstoke and Deane
TA6 3HY,TA6 3,329753.0,138059.0,Sedgemoor
NE2 1PA,NE2 1,426014.0,565272.0,Newcastle upon Tyne
RH7 6FG,RH7 6,538614.0,143617.0,Tandridge
NW3 7FJ,NW3 7,526702.0,185514.0,Camden
PO38 3LB,PO38 3,450845.0,80809.0,Isle of Wight
DA1 2RU,DA1 2,553662.0,173090.0,Dartford
HU12 9TZ,HU12 9,524657.0,425421.0,East Riding of Yorkshire
MK40 1JF,MK40 1,504500.0,250054.0,Bedford
NE9 7RB,NE9 7,428507.0,558192.0,Sunderland
EX23 9PN,EX23 9,225756.0,115903.0,Cornwall
BS12 1AF,BS12 1,364129.0,190186.0,South Gloucestershire
TS26 8NW,TS26 8,449829.0,533060.0,Hartlepool
PE30 9BS,PE30 9,562078.0,320484.0,King's Lynn and West Norfolk
KT23 4LL,KT23 4,513320.0,153781.0,Mole Valley
PL13 1NS,PL13 1,226017.0,54166.0,Cornwall
LN5 8EY,LN5 8,497959.0,370313.0,Lincoln
L62 4XB,L62 4,333700.0,384300.0,Wirral
M33 1YH,M33 1,378847.0,392129.0,Trafford
TW9 4ST,TW9 4,517837.0,175249.0,Richmond upon Thames
AL3 5SH,AL3 5,514901.0,208260.0,St Albans
SL3 8WN,SL3 8,502118.0,178839.0,Slough
NG12 2PU,NG12 2,466989.0,335962.0,Rushcliffe
SR5 3HA,SR5 3,435298.0,557870.0,Sunderland
NR3 4HY,NR3 4,623689.0,310662.0,Norwich
CB1 3ED,CB1 3,546776.0,258130.0,Cambridge
RH10 9XY,RH10 9,526948.0,138891.0,Crawley
LS26 8AL,LS26 8,438583.0,429627.0,Leeds
TW10 6SS,TW10 6,517837.0,175249.0,Richmond upon Thames
TW17 9EA,TW17 9,508475.0,167490.0,Spelthorne
ST14 5NU,ST14 5,407647.0,334646.0,East Staffordshire
NG9 1QZ,NG9 1,453900.0,336600.0,Broxtowe
IP24 3PT,IP24 3,586138.0,282776.0,Breckland
UB4 0YU,UB4 0,510798.0,181392.0,Hillingdon
PO8 0TL,PO8 0,469777.0,114841.0,East Hampshire
DE2 0GX,DE2 0,438700.0,332700.0,Derby
EC3R 6BU,EC3R 6,533300.0,180500.0,City of London
BL9 7EN,BL9 7,381177.0,410502.0,Bury
IP24 1FG,IP24 1,587389.0,284462.0,Breckland
PE2 2WJ,PE2 2,516135.0,303110.0,Peterborough
LE13 1BE,LE13 1,475561.0,319078.0,Melton
SO4 0NN,SO4 0,428000.0,91800.0,New Forest
NG13 8YE,NG13 8,469295.0,339401.0,Rushcliffe
CM14 9FZ,CM14 9,559569.0,193789.0,Brentwood
DE13 8LH,DE13 8,418897.0,318036.0,East Staffordshire
LS28 7NE,LS28 7,422095.0,433722.0,Leeds
LA14 2WZ,LA14 2,320085.0,469784.0,Barrow-in-Furness
HU3 2PF,HU3 2,508405.0,428619.0,"Kingston upon Hull, City of"
B90 3JD,B90 3,412116.0,279499.0,Solihull
BS35 2JB,BS35 2,363979.0,190113.0,South Gloucestershire
WR14 1SG,WR14 1,377579.0,247958.0,Malvern Hills
DE56 0JW,DE56 0,438060.0,345515.0,Amber Valley
BH15 2BE,BH15 2,400747.0,91815.0,"Bournemouth, Christchurch and Poole"
LA11 7PY,LA11 7,338710.0,476454.0,South Lakeland
NE48 2EB,NE48 2,387653.0,581578.0,Northumberland
HA7 3YY,HA7 3,518142.0,190895.0,Harrow
BS2 8LE,BS2 8,358931.0,173915.0,"Bristol, City of"
NE27 0SN,NE27 0,431160.0,571252.0,North Tyneside
BN2 1ZX,BN2 1,531040.0,104624.0,Brighton and Hove
M33 5HJ,M33 5,376969.0,392459.0,Trafford
OL10 1JA,OL10 1,385294.0,410817.0,Rochdale
LE7 7DB,LE7 7,454821.0,307240.0,Blaby
TN13 9AY,TN13 9,553007.0,154630.0,Sevenoaks
TR1 1NW,TR1 1,183366.0,45254.0,Cornwall
OL3 7WQ,OL3 7,399418.0,404508.0,Oldham
S5 0AN,S5 0,436554.0,393207.0,Sheffield
CH29 9DY,CH29 9,321660.0,388795.0,Wirral
ST2 8AR,ST2 8,390235.0,348196.0,Stoke-on-Trent
IP33 2PS,IP33 2,586233.0,263015.0,West Suffolk
NN6 9PZ,NN6 9,480166.0,272799.0,West Northamptonshire
WN4 8TB,WN4 8,359009.0,400160.0,Wigan
BB10 2AQ,BB10 2,384692.0,435772.0,Pendle
M5 5HH,M5 5,379585.0,398729.0,Salford
NG4 4QW,NG4 4,461557.0,343062.0,Gedling
BA3 2WD,BA3 2,368942.0,154799.0,Bath and North East Somerset
TQ12 6WF,TQ12 6,281468.0,74769.0,Teignbridge
SK8 2FL,SK8 2,385616.0,388498.0,Stockport
LS8 1LU,LS8 1,431897.0,438391.0,Leeds
PR3 6TL,PR3 6,338675.0,441051.0,Wyre
PE19 4PY,PE19 4,518781.0,262352.0,Huntingdonshire
RG11 1BT,RG11 1,480700.0,168800.0,Wokingham
KT19 8FZ,KT19 8,520558.0,162666.0,Epsom and Ewell
NR27 9QN,NR27 9,618271.0,342678.0,North Norfolk
HX3 9UF,HX3 9,410994.0,424694.0,Calderdale
SS7 5QA,SS7 5,577512.0,188009.0,Castle Point
LN6 8HU,LN6 8,495118.0,367260.0,North Kesteven
MK16 0ND,MK16 0,487335.0,243306.0,Milton Keynes
TN14 5FQ,TN14 5,551504.0,157056.0,Sevenoaks
NG20 8PY,NG20 8,451923.0,368239.0,Bolsover
TR3 7PP,TR3 7,177625.0,39384.0,Cornwall
TN21 0JQ,TN21 0,557191.0,119412.0,Wealden
CH65 5DL,CH65 5,340979.0,375509.0,Cheshire West and Chester
LE3 6FW,LE3 6,456100.0,304600.0,Leicester
TW4 6RT,TW4 6,511324.0,175689.0,Hounslow
KT12 2FR,KT12 2,510273.0,166407.0,Elmbridge
AL8 6JF,AL8 6,523546.0,212661.0,Welwyn Hatfield
PE11 3JZ,PE11 3,525415.0,325137.0,South Holland
NN11 7WT,NN11 7,454132.0,266239.0,West Northamptonshire
NE2 1QA,NE2 1,425300.0,566000.0,Newcastle upon Tyne
L37 7ER,L37 7,330486.0,408490.0,Sefton
RG16 7SY,RG16 7,433714.0,173742.0,West Berkshire
LU7 7QQ,LU7 7,490792.0,225038.0,Central Bedfordshire
YO2 5LR,YO2 5,457160.0,451294.0,York
GL1 3DE,GL1 3,383555.0,218975.0,Gloucester
OL10 2RH,OL10 2,383900.0,409600.0,Rochdale
LS12 3JS,LS12 3,426497.0,433590.0,Leeds
NN2 8TZ,NN2 8,475327.0,265167.0,West Northamptonshire
BS6 6AW,BS6 6,358687.0,174274.0,"Bristol, City of"
PE15 9TX,PE15 9,540745.0,296749.0,Fenland
CM2 6SX,CM2 6,572734.0,207228.0,Chelmsford
DH8 6GD,DH8 6,411075.0,550936.0,County Durham
M27 3JQ,M27 3,376916.0,401456.0,Salford
SW6 9GS,SW6 9,525198.0,177141.0,Hammersmith and Fulham
DH2 2ED,DH2 2,426588.0,551340.0,County Durham
W1G 9XX,W1G 9,528532.0,181430.0,Westminster
S74 0LP,S74 0,436180.0,399966.0,Barnsley
BS2 8DL,BS2 8,358900.0,173600.0,"Bristol, City of"
HA1 1ZJ,HA1 1,515821.0,188696.0,Harrow
PE2 5UT,PE2 5,515600.0,294300.0,Peterborough
B73 9EY,B73 9,411619.0,296818.0,Birmingham
E12 5QP,E12 5,543088.0,185603.0,Newham
SS17 8AD,SS17 8,568627.0,183329.0,Thurrock
E14 9WG,E14 9,537384.0,178840.0,Tower Hamlets
WS5 3XW,WS5 3,401356.0,298698.0,Walsall
TS13 5HA,TS13 5,479336.0,516464.0,Scarborough
RG41 5DR,RG41 5,476609.0,169479.0,Wokingham
RM8 1BD,RM8 1,548875.0,186805.0,Barking and Dagenham
WR14 4BR,WR14 4,376129.0,245964.0,Malvern Hills
SO4 7SS,SO4 7,429700.0,102600.0,New Forest
ME5 8TQ,ME5 8,577238.0,162620.0,Medway
LS8 2WW,LS8 2,431390.0,434663.0,Leeds
NN4 6XG,NN4 6,475320.0,261359.0,West Northamptonshire
BS16 7NB,BS16 7,367744.0,177527.0,South Gloucestershire
BS20 9RP,BS20 9,347567.0,173985.0,North Somerset
SO32 3WF,SO32 3,461209.0,118383.0,Winchester
SO5 5EH,SO5 5,444889.0,118369.0,Eastleigh
CM18 7ES,CM18 7,545830.0,207931.0,Harlow
TR11 2AZ,TR11 2,180304.0,32871.0,Cornwall
IP24 1JY,IP24 1,587746.0,284246.0,Breckland
E17 3PZ,E17 3,539179.0,189360.0,Waltham Forest
NG7 4BU,NG7 4,452350.0,340566.0,Nottingham
ST7 1HL,ST7 1,383993.0,354680.0,Newcastle-under-Lyme
BA4 9SY,BA4 9,361844.0,143234.0,Mendip
TS3 7JR,TS3 7,451710.0,518381.0,Middlesbrough
BB11 1RL,BB11 1,383516.0,432476.0,Burnley
CO11 2RN,CO11 2,614792.0,227812.0,Tendring
DH9 7SW,DH9 7,417163.0,551525.0,County Durham
PO13 8JN,PO13 8,456742.0,100932.0,Gosport
EX8 4JZ,EX8 4,301967.0,82921.0,East Devon
RM14 3AJ,RM14 3,556148.0,186006.0,Havering
WA7 4UJ,WA7 4,350268.0,382294.0,Halton
GU22 2DB,GU22 2,500740.0,158617.0,Woking
N1 6UD,N1 6,532800.0,182700.0,Hackney
PE1 9BD,PE1 9,516109.0,303124.0,Peterborough
LN5 5QB,LN5 5,497221.0,370656.0,Lincoln
PE31 6AP,PE31 6,567580.0,326469.0,King's Lynn and West Norfolk
CB7 4JX,CB7 4,554000.0,280300.0,East Cambridgeshire
KT1 3GZ,KT1 3,518907.0,168528.0,Kingston upon Thames
PE28 2XH,PE28 2,530093.0,280606.0,Huntingdonshire
HR4 7JX,HR4 7,339683.0,243854.0,"Herefordshire, County of"
CH49 6ZN,CH49 6,327030.0,387461.0,Wirral
IP27 9AB,IP27 9,572308.0,285587.0,West Suffolk
RH11 9LB,RH11 9,525656.0,134076.0,Crawley
TA2 6HZ,TA2 6,322374.0,125708.0,Somerset West and Taunton
DA18 4BX,DA18 4,548012.0,179513.0,Bexley
PE21 0JE,PE21 0,533342.0,344251.0,Boston
BB4 7NZ,BB4 7,381770.0,422795.0,Rossendale
SL9 8PE,SL9 8,500264.0,188646.0,Buckinghamshire
CV6 5SD,CV6 5,434300.0,282000.0,Coventry
BR1 5BY,BR1 5,540633.0,171187.0,Bromley
NE5 3PP,NE5 3,421081.0,566659.0,Newcastle upon Tyne
RH10 9NE,RH10 9,527494.0,138777.0,Crawley
SK2 7AZ,SK2 7,390563.0,387947.0,Stockport
GL20 7FA,GL20 7,390073.0,233935.0,Tewkesbury
GL2 0TQ,GL2 0,385000.0,220400.0,Gloucester
BS17 5BN,BS17 5,371759.0,183576.0,South Gloucestershire
ST13 8EY,ST13 8,398030.0,356951.0,Staffordshire Moorlands
OL5 0PD,OL5 0,396986.0,402400.0,Tameside
SS5 5HD,SS5 5,584430.0,192918.0,Rochford
MK40 4GE,MK40 4,501655.0,248657.0,Bedford
PO14 4RR,PO14 4,452400.0,107500.0,Fareham
CV21 2TE,CV21 2,450632.0,275786.0,Rugby
CO16 9JD,CO16 9,614666.0,222197.0,Tendring
L26 1UG,L26 1,344373.0,384632.0,Knowsley
CT2 7AY,CT2 7,614587.0,159699.0,Canterbury
BB4 8GQ,BB4 8,381098.0,424699.0,Rossendale
GU27 2BN,GU27 2,490455.0,133298.0,Waverley
DE4 2NW,DE4 2,426848.0,368446.0,Derbyshire Dales
WF5 0LX,WF5 0,428744.0,419991.0,Wakefield
LE9 5YS,LE9 5,452975.0,297575.0,Blaby
TR3 6EB,TR3 6,179161.0,43078.0,Cornwall
RG3 1DF,RG3 1,469944.0,174050.0,Reading
B45 9EF,B45 9,398000.0,277000.0,Bromsgrove
WD3 9WY,WD3 9,505658.0,194539.0,Three Rivers
BN2 5FN,BN2 5,533344.0,104953.0,Brighton and Hove
CV37 1FT,CV37 1,419428.0,255664.0,Stratford-on-Avon
ST1 3JB,ST1 3,388872.0,346453.0,Stoke-on-Trent
LA23 1EE,LA23 1,341295.0,498505.0,South Lakeland
WA16 9RF,WA16 9,376629.0,374461.0,Cheshire East
SW1V 3QF,SW1V 3,529712.0,178216.0,Westminster
WF3 1ES,WF3 1,428274.0,424606.0,Leeds
SO41 3QJ,SO41 3,433063.0,94727.0,New Forest
BH9 3PT,BH9 3,410120.0,95539.0,"Bournemouth, Christchurch and Poole"
LN5 0EA,LN5 0,498783.0,357614.0,North Kesteven
TR16 5YQ,TR16 5,169999.0,42047.0,Cornwall
SE15 6NY,SE15 6,533700.0,177800.0,Southwark
BL7 0AF,BL7 0,373849.0,416266.0,Blackburn with Darwen
FY8 1RR,FY8 1,332130.0,428822.0,Fylde
DN22 0AH,DN22 0,479216.0,382169.0,Bassetlaw
GL53 9YP,GL53 9,395428.0,219010.0,Cheltenham
MK11 9HX,MK11 9,480418.0,239446.0,Milton Keynes
WV10 6PN,WV10 6,391929.0,303788.0,Wolverhampton
OX26 1FG,OX26 1,456432.0,222582.0,Cherwell
PR3 1LG,PR3 1,349041.0,445689.0,Wyre
SE12 2AY,SE12 2,542733.0,174310.0,Greenwich
SK6 6AJ,SK6 6,395661.0,388852.0,Stockport
BN25 1ER,BN25 1,548145.0,98950.0,Lewes
DE55 4PA,DE55 4,442358.0,354937.0,Amber Valley
L3 1JH,L3 1,333891.0,390369.0,Liverpool
M23 8AA,M23 8,381942.0,389287.0,Manchester
L48 9YL,L48 9,323400.0,387100.0,Wirral
W7 2PX,W7 2,515125.0,179624.0,Ealing
PR5 1TQ,PR5 1,353971.0,422383.0,South Ribble
RH6 0XX,RH6 0,528409.0,143011.0,Reigate and Banstead
LN4 4FY,LN4 4,497221.0,370656.0,Lincoln
B61 8DJ,B61 8,395827.0,270682.0,Bromsgrove
BB4 7DZ,BB4 7,383847.0,420903.0,Rossendale
ME14 2UE,ME14 2,576450.0,156462.0,Maidstone
M13 9DZ,M13 9,385545.0,396723.0,Manchester
BA4 6HU,BA4 6,364960.0,138578.0,Mendip
WF12 0BH,WF12 0,424344.0,418601.0,Kirklees
EN1 9SP,EN1 9,533124.0,196542.0,Enfield
UB5 6QQ,UB5 6,511303.0,183411.0,Ealing
GL52 2AJ,GL52 2,395253.0,223128.0,Cheltenham
M43 7RN,M43 7,389762.0,399075.0,Tameside
CM22 6SE,CM22 6,556166.0,221209.0,Uttlesford
IP1 5AT,IP1 5,613910.0,245458.0,Ipswich
CO7 0AL,CO7 0,608787.0,216669.0,Tendring
L24 1UY,L24 1,342671.0,383490.0,Liverpool
SR3 1BT,SR3 1,438326.0,553830.0,Sunderland
NE26 2WT,NE26 2,432685.0,569414.0,North Tyneside
M5 3LT,M5 3,382034.0,397502.0,Salford
W11 1GX,W11 1,524512.0,181293.0,Kensington and Chelsea
NG21 0GY,NG21 0,460286.0,358450.0,Newark and Sherwood
GU26 6QE,GU26 6,487550.0,136938.0,Waverley
OL8 3DN,OL8 3,392366.0,403280.0,Oldham
CM18 6WJ,CM18 6,544574.0,210193.0,Harlow
B91 3DJ,B91 3,415649.0,279645.0,Solihull
SL0 0JG,SL0 0,502426.0,181001.0,Buckinghamshire
LS12 2ST,LS12 2,425861.0,434815.0,Leeds
TR10 8FE,TR10 8,178510.0,34057.0,Cornwall
B17 9NL,B17 9,403700.0,284600.0,Birmingham
RG1 4ED,RG1 4,472406.0,173121.0,Reading
LE9 5DQ,LE9 5,454352.0,297568.0,Blaby
LS6 4FB,LS6 4,428581.0,436909.0,Leeds
WV10 8ER,WV10 8,392439.0,303157.0,Wolverhampton
BS18 8PS,BS18 8,357118.0,163292.0,Bath and North East Somerset
HA2 6FR,HA2 6,514210.0,189873.0,Harrow
GL51 6HE,GL51 6,392819.0,221593.0,Cheltenham
DY1 3HZ,DY1 3,393709.0,290699.0,Dudley
ST16 2HB,ST16 2,392165.0,322894.0,Stafford
B31 3EH,B31 3,403490.0,278797.0,Birmingham
CB25 0AE,CB25 0,559196.0,266469.0,East Cambridgeshire
TR11 5XW,TR11 5,178614.0,32609.0,Cornwall
CW5 5FA,CW5 5,365153.0,352458.0,Cheshire East
HP16 9RA,HP16 9,485488.0,202242.0,Buckinghamshire
PO5 3LQ,PO5 3,464000.0,98700.0,Portsmouth
LE5 5AU,LE5 5,460346.0,304082.0,Leicester
DL10 6LB,DL10 6,422994.0,508580.0,Richmondshire
PL14 6SD,PL14 6,221409.0,73664.0,Cornwall
BN27 3DE,BN27 3,558024.0,110497.0,Wealden
S30 6BW,S30 6,424801.0,403077.0,Barnsley
EX35 6HU,EX35 6,271919.0,149535.0,North Devon
GL7 2NL,GL7 2,401634.0,203330.0,Cotswold
GL14 2HF,GL14 2,365502.0,213714.0,Forest of Dean
HR4 0JU,HR4 0,350142.0,239726.0,"Herefordshire, County of"
GU32 1AU,GU32 1,472417.0,124534.0,East Hampshire
EX2 9PY,EX2 9,289764.0,91493.0,Exeter
PE3 8HN,PE3 8,516109.0,303124.0,Peterborough
NE10 8NX,NE10 8,428923.0,560646.0,Gateshead
ME19 6YQ,ME19 6,570483.0,158171.0,Tonbridge and Malling
HR1 2JT,HR1 2,351754.0,239791.0,"Herefordshire, County of"
SW1Y 4AF,SW1Y 4,529391.0,179143.0,Westminster
SO32 2TA,SO32 2,456169.0,113380.0,Winchester
KT16 8EY,KT16 8,504145.0,166758.0,Runnymede
CH4 7NP,CH4 7,338506.0,363732.0,Cheshire West and Chester
NE65 9DZ,NE65 9,416722.0,603595.0,Northumberland
SS8 9ZB,SS8 9,579903.0,183590.0,Castle Point
CT7 0QQ,CT7 0,625752.0,166207.0,Thanet
SW6 7PN,SW6 7,524000.0,177600.0,Hammersmith and Fulham
PL26 8NJ,PL26 8,198106.0,60987.0,Cornwall
NR24 2JU,NR24 2,605751.0,332826.0,North Norfolk
HD2 2NN,HD2 2,413557.0,418986.0,Kirklees
PR1 6AN,PR1 6,353700.0,430700.0,Preston
HG2 8AD,HG2 8,431346.0,453604.0,Harrogate
W1M 8BX,W1M 8,528600.0,181400.0,Westminster
M26 9QH,M26 9,379898.0,407935.0,Bury
LA2 7DL,LA2 7,366984.0,466879.0,Craven
IP28 8WQ,IP28 8,569471.0,270458.0,West Suffolk
PO22 9DA,PO22 9,492689.0,100936.0,Arun
EC1A 9BJ,EC1A 9,531700.0,181700.0,City of London
LE6 2QW,LE6 2,442742.0,313577.0,North West Leicestershire
SO16 5GD,SO16 5,439398.0,115479.0,Southampton
B61 8PP,B61 8,395304.0,271266.0,Bromsgrove
LS25 1AH,LS25 1,440352.0,433452.0,Leeds
SS9 3EF,SS9 3,584510.0,186737.0,Southend-on-Sea
BB1 6PR,BB1 6,368798.0,429263.0,Blackburn with Darwen
WN3 5LH,WN3 5,356781.0,403632.0,Wigan
BN13 3LB,BN13 3,511643.0,105373.0,Worthing
NN4 9BN,NN4 9,475293.0,257871.0,West Northamptonshire
NE63 0HZ,NE63 0,428537.0,586014.0,Northumberland
L36 6EQ,L36 6,345362.0,391112.0,Knowsley
CH1 4JJ,CH1 4,339848.0,366606.0,Cheshire West and Chester
ST15 8ZJ,ST15 8,389222.0,334786.0,Stafford
GU46 6FZ,GU46 6,483509.0,161239.0,Bracknell Forest
GU16 5BT,GU16 5,488262.0,157859.0,Surrey Heath
BD20 0YN,BD20 0,404207.0,446305.0,Bradford
TQ1 1LP,TQ1 1,292076.0,64695.0,Torbay
M26 1QX,M26 1,379001.0,406149.0,Bury
CO3 4LT,CO3 4,596737.0,224068.0,Colchester
WA4 1BS,WA4 1,361099.0,387638.0,Warrington
BD16 1SJ,BD16 1,411690.0,436929.0,Bradford
W6 0GD,W6 0,522365.0,178517.0,Hammersmith and Fulham
W1H 2DL,W1H 2,527735.0,181478.0,Westminster
PE24 5QL,PE24 5,554854.0,372784.0,East Lindsey
KT1 2PT,KT1 2,518465.0,169260.0,Kingston upon Thames
EN5 9GN,EN5 9,526643.0,195410.0,Barnet
PE23 5SR,PE23 5,547034.0,366919.0,East Lindsey
TR2 4ED,TR2 4,191680.0,50380.0,Cornwall
GU1 4GR,GU1 4,499692.0,149942.0,Guildford
TS20 1QZ,TS20 1,443608.0,521786.0,Stockton-on-Tees
BS16 6XG,BS16 6,366041.0,178154.0,South Gloucestershire
SM7 2QU,SM7 2,525540.0,160082.0,Reigate and Banstead
NG20 0RH,NG20 0,457219.0,368846.0,Mansfield
DN36 4RY,DN36 4,527945.0,403744.0,North East Lincolnshire
DE4 5RA,DE4 5,434236.0,357472.0,Amber Valley
LE5 2GP,LE5 2,464077.0,304442.0,Leicester
WA5 5WN,WA5 5,357890.0,389590.0,Warrington
ME3 9GP,ME3 9,577640.0,172589.0,Medway
CM4 0QJ,CM4 0,560162.0,201879.0,Brentwood
WS2 9PQ,WS2 9,400769.0,298399.0,Walsall
SO40 3WY,SO40 3,434900.0,115000.0,New Forest
SO21 3AR,SO21 3,451544.0,142782.0,Winchester
BA6 8UX,BA6 8,350022.0,139209.0,Mendip
B92 7PY,B92 7,413763.0,283734.0,Solihull
RG24 8WB,RG24 8,465057.0,155025.0,Basingstoke and Deane
KT3 4FB,KT3 4,522647.0,168340.0,Merton
HA8 8TL,HA8 8,519830.0,192933.0,Barnet
S64 8YW,S64 8,444600.0,401062.0,Rotherham
OL12 9NU,OL12 9,391252.0,417096.0,Rochdale
HA6 9GF,HA6 9,509820.0,190613.0,Hillingdon
SL1 3XW,SL1 3,496286.0,180256.0,Slough
M21 8WS,M21 8,381808.0,393970.0,Manchester
SO15 0HT,SO15 0,439848.0,112710.0,Southampton
NG6 0QS,NG6 0,454910.0,343274.0,Nottingham
BH1 4RB,BH1 4,410500.0,92300.0,"Bournemouth, Christchurch and Poole"
M25 0WL,M25 0,381067.0,404237.0,Bury
GU10 1XS,GU10 1,483795.0,146834.0,Waverley
W13 9RD,W13 9,517031.0,179640.0,Ealing
L44 1DL,L44 1,331200.0,392200.0,Wirral
NW1 0HN,NW1 0,529219.0,183777.0,Camden
GL4 6BN,GL4 6,384713.0,215578.0,Gloucester
PL15 8SF,PL15 8,232763.0,85715.0,Cornwall
KT16 0NT,KT16 0,501969.0,164152.0,Runnymede
CM13 2AN,CM13 2,561753.0,193905.0,Brentwood
BN6 9QZ,BN6 9,528102.0,116842.0,Mid Sussex
ME4 4TN,ME4 4,575843.0,167650.0,Medway
TN12 6YT,TN12 6,567095.0,145172.0,Tunbridge Wells
BR1 9YS,BR1 9,540421.0,169620.0,Bromley
TS25 1AY,TS25 1,452388.0,529920.0,Hartlepool
LS2 8LJ,LS2 8,428809.0,433421.0,Leeds
WF2 7FD,WF2 7,431981.0,416240.0,Wakefield
OL12 7AZ,OL12 7,388302.0,415099.0,Rochdale
S5 6WH,S5 6,436887.0,390760.0,Sheffield
LE5 4TB,LE5 4,462178.0,304773.0,Leicester
HU17 9RH,HU17 9,506704.0,441786.0,East Riding of Yorkshire
N9 0QB,N9 0,534291.0,193055.0,Enfield
WV4 6HY,WV4 6,393000.0,296400.0,Wolverhampton
E16 9FG,E16 9,538467.0,181905.0,Newham
MK45 3LL,MK45 3,504634.0,241607.0,Central Bedfordshire
PO20 6TT,PO20 6,492307.0,105614.0,Arun
YO32 9PU,YO32 9,461642.0,455546.0,York
CR4 3UQ,CR4 3,527042.0,168933.0,Merton
IP25 6UB,IP25 6,592943.0,300549.0,Breckland
SP6 1LF,SP6 1,414447.0,114984.0,New Forest
LE13 1RW,LE13 1,476350.0,320372.0,Melton
L16 0XT,L16 0,338307.0,389200.0,Liverpool
ME19 6DG,ME19 6,569995.0,157483.0,Tonbridge and Malling
BS99 1RF,BS99 1,360204.0,173429.0,"Bristol, City of"
NE13 7LX,NE13 7,420564.0,573031.0,Newcastle upon Tyne
FY8 3BZ,FY8 3,332405.0,430802.0,Fylde
LE17 4UR,LE17 4,453936.0,285255.0,Harborough
PR7 6LS,PR7 6,355800.0,418900.0,Chorley
NE61 9EU,NE61 9,419722.0,585994.0,Northumberland
NR28 0WQ,NR28 0,628437.0,330187.0,North Norfolk
NG2 1NS,NG2 1,456823.0,338549.0,Nottingham
TW19 5DB,TW19 5,500518.0,174104.0,Windsor and Maidenhead
OX4 2XN,OX4 2,454422.0,202940.0,Oxford
WN6 0RR,WN6 0,355692.0,410249.0,Wigan
PE12 0AL,PE12 0,541599.0,326313.0,South Holland
WN8 0BL,WN8 0,351428.0,404945.0,West Lancashire
DN15 5FB,DN15 5,489162.0,410763.0,North Lincolnshire
SO4 3LA,SO4 3,435429.0,113584.0,New Forest
GL19 4BN,GL19 4,389239.0,228338.0,Tewkesbury
WA5 3DX,WA5 3,357048.0,389208.0,Warrington
DL2 1NG,DL2 1,436800.0,513100.0,Darlington
E10 5HG,E10 5,537503.0,186876.0,Waltham Forest
TN32 5GE,TN32 5,574787.0,115857.0,Rother
NE65 9AH,NE65 9,421576.0,604805.0,Northumberland
OX4 5YE,OX4 5,455785.0,202296.0,Oxford
LE15 8NY,LE15 8,494903.0,308683.0,Rutland
BN99 6QZ,BN99 6,517672.0,104182.0,Adur
PE25 2DL,PE25 2,555999.0,363762.0,East Lindsey
PE33 0AG,PE33 0,561582.0,308610.0,King's Lynn and West Norfolk
OL9 9JX,OL9 9,391004.0,405262.0,Oldham
SW3 2PU,SW3 2,527569.0,178848.0,Kensington and Chelsea
CA1 9DJ,CA1 9,339557.0,555539.0,Carlisle
B76 1TE,B76 1,413483.0,294239.0,Birmingham
NE29 6AR,NE29 6,434683.0,567133.0,North Tyneside
YO30 6JX,YO30 6,459586.0,453771.0,York
WV6 8FY,WV6 8,389842.0,300137.0,Wolverhampton
WN6 9EA,WN6 9,352035.0,410645.0,West Lancashire
SS11 8EQ,SS11 8,576007.0,193345.0,Basildon
WA7 5NP,WA7 5,352761.0,382744.0,Halton
HD6 2AE,HD6 2,414074.0,422950.0,Calderdale
BH23 2XB,BH23 2,415856.0,92673.0,"Bournemouth, Christchurch and Poole"
TA19 9DD,TA19 9,335037.0,114699.0,South Somerset
LE67 5NQ,LE67 5,442585.0,317062.0,North West Leicestershire
LE15 6BH,LE15 6,485804.0,308812.0,Rutland
EX33 1AJ,EX33 1,248572.0,136734.0,North Devon
PO19 1UP,PO19 1,486340.0,104743.0,Chichester
NG21 9DP,NG21 9,458361.0,362972.0,Newark and Sherwood
RG13 2JJ,RG13 2,447095.0,168493.0,West Berkshire
BS15 8PW,BS15 8,365005.0,173727.0,South Gloucestershire
NG3 7HD,NG3 7,460186.0,340977.0,Nottingham
CV34 4QE,CV34 4,429500.0,265200.0,Warwick
EN9 2LG,EN9 2,539473.0,206053.0,Epping Forest
S6 6SB,S6 6,430878.0,390009.0,Sheffield
LS15 8PU,LS15 8,437198.0,433540.0,Leeds
SY4 2EE,SY4 2,342359.0,322036.0,Shropshire
BH23 3ZP,BH23 3,415856.0,92673.0,"Bournemouth, Christchurch and Poole"
NG15 8AX,NG15 8,452726.0,350486.0,Ashfield
SW3 6JB,SW3 6,526873.0,178394.0,Kensington and Chelsea
SE23 2AB,SE23 2,536382.0,173137.0,Lewisham
YO25 8RY,YO25 8,512296.0,447442.0,East Riding of Yorkshire
ME8 6NG,ME8 6,580112.0,167216.0,Medway
DH6 2JJ,DH6 2,438700.0,541200.0,County Durham
CB6 3BS,CB6 3,553107.0,280224.0,East Cambridgeshire
B17 0NY,B17 0,403597.0,283468.0,Birmingham
WF6 1AY,WF6 1,438361.0,422277.0,Wakefield
EX20 1RJ,EX20 1,259237.0,96290.0,West Devon
GU6 7HX,GU6 7,506127.0,139043.0,Waverley
ST4 2PY,ST4 2,388880.0,344709.0,Stoke-on-Trent
DY9 0LA,DY9 0,390383.0,279955.0,Bromsgrove
BN1 2RY,BN1 2,530800.0,104200.0,Brighton and Hove
B20 3EX,B20 3,405498.0,289132.0,Birmingham
BH13 7ZE,BH13 7,405090.0,88935.0,"Bournemouth, Christchurch and Poole"
HU5 1SB,HU5 1,509781.0,431259.0,"Kingston upon Hull, City of"
CA12 4QE,CA12 4,323279.0,528302.0,Allerdale
CH42 9NG,CH42 9,331213.0,387637.0,Wirral
IP1 5AH,IP1 5,614063.0,245415.0,Ipswich
DH8 7NE,DH8 7,411665.0,550719.0,County Durham
DY5 3NN,DY5 3,390463.0,286891.0,Dudley
HU3 1GB,HU3 1,510461.0,428821.0,"Kingston upon Hull, City of"
HA9 1AF,HA9 1,517464.0,184946.0,Brent
TR26 2GR,TR26 2,152941.0,38798.0,Cornwall
DY11 5RG,DY11 5,380100.0,278300.0,Wyre Forest
RG11 6NH,RG11 6,483727.0,164568.0,Wokingham
RH10 0FY,RH10 0,526911.0,136846.0,Crawley
GL20 5EJ,GL20 5,389639.0,231978.0,Tewkesbury
SK12 4PR,SK12 4,400808.0,384402.0,High Peak
LS11 6AU,LS11 6,429448.0,431283.0,Leeds
DY8 4PX,DY8 4,390162.0,285029.0,Dudley
S60 5PW,S60 5,443018.0,387766.0,Rotherham
ST6 3BE,ST6 3,386800.0,349500.0,Stoke-on-Trent
WF1 4NN,WF1 4,433912.0,420879.0,Wakefield
GU51 4QU,GU51 4,481064.0,155091.0,Hart
TR7 2BB,TR7 2,182423.0,60312.0,Cornwall
M41 9NR,M41 9,377754.0,394417.0,Trafford
GU2 8DB,GU2 8,498000.0,150944.0,Guildford
NE37 3AP,NE37 3,431283.0,557907.0,Sunderland
BB5 5GU,BB5 5,376192.0,428654.0,Hyndburn
NR32 2QR,NR32 2,652775.0,293404.0,East Suffolk
BR3 5EP,BR3 5,537629.0,169848.0,Bromley
IP11 9AH,IP11 9,629751.0,235209.0,East Suffolk
WF1 9BA,WF1 9,433076.0,420442.0,Wakefield
CO7 9BP,CO7 9,603881.0,221458.0,Colchester
DE7 0ZY,DE7 0,446449.0,341714.0,Erewash
SW1Y 6HD,SW1Y 6,529540.0,180511.0,Westminster
TS17 7BZ,TS17 7,445541.0,517823.0,Stockton-on-Tees
ST4 2WH,ST4 2,388120.0,345660.0,Stoke-on-Trent
WF15 7JT,WF15 7,421109.0,423343.0,Kirklees
LE11 2NJ,LE11 2,453290.0,317310.0,Charnwood
BN7 3HQ,BN7 3,541972.0,106367.0,Lewes
W1T 4LH,W1T 4,529146.0,181902.0,Westminster
PO18 0EB,PO18 0,490713.0,107361.0,Chichester
M14 4RE,M14 4,383845.0,395351.0,Manchester
NR32 2QA,NR32 2,653495.0,293815.0,East Suffolk
EN2 8DJ,EN2 8,532042.0,196999.0,Enfield
S6 1FB,S6 1,433055.0,392680.0,Sheffield
TQ6 9AJ,TQ6 9,287817.0,51197.0,South Hams
CA7 0ND,CA7 0,326489.0,550350.0,Allerdale
M16 9YW,M16 9,382649.0,395651.0,Trafford
SN38 1NS,SN38 1,411410.0,185946.0,Swindon
DY9 9DB,DY9 9,392462.0,282896.0,Dudley
TN12 6BN,TN12 6,567432.0,144461.0,Tunbridge Wells
TN34 2LN,TN34 2,581548.0,110473.0,Hastings
OX9 7UE,OX9 7,460300.0,199000.0,South Oxfordshire
SL8 5XQ,SL8 5,490116.0,187227.0,Buckinghamshire
S80 1PT,S80 1,458561.0,379540.0,Bassetlaw
SN15 4JX,SN15 4,403499.0,182029.0,Wiltshire
NG5 0EQ,NG5 0,458138.0,344912.0,Gedling
E1 3DG,E1 3,535894.0,181617.0,Tower Hamlets
TN31 7NH,TN31 7,592134.0,121056.0,Rother
NW9 9BQ,NW9 9,518974.0,189395.0,Brent
SO4 3US,SO4 3,434245.0,113658.0,New Forest
SN5 8HT,SN5 8,412071.0,183590.0,Swindon
NG34 9QY,NG34 9,514254.0,343798.0,North Kesteven
DE6 1ZT,DE6 1,418611.0,347201.0,Derbyshire Dales
DA8 3PL,DA8 3,551609.0,177192.0,Bexley
PE1 5FP,PE1 5,515850.0,303480.0,Peterborough
N1 0YR,N1 0,531641.0,183874.0,Islington
SW3 2NA,SW3 2,527422.0,178767.0,Kensington and Chelsea
OX3 8FP,OX3 8,456206.0,207948.0,South Oxfordshire
HU1 1RR,HU1 1,509966.0,428552.0,"Kingston upon Hull, City of"
WA3 9BX,WA3 9,365921.0,392848.0,Warrington
CO6 5BB,CO6 5,599949.0,240023.0,Babergh
WS6 6EF,WS6 6,399258.0,306432.0,South Staffordshire
LA3 3SH,LA3 3,345599.0,462944.0,Lancaster
BD17 5HD,BD17 5,415097.0,439447.0,Bradford
SG1 1ZS,SG1 1,523851.0,224188.0,Stevenage
MK45 3QL,MK45 3,504865.0,241554.0,Central Bedfordshire
MK10 1BG,MK10 1,489970.0,237715.0,Milton Keynes
WV12 5NB,WV12 5,398089.0,301321.0,Walsall
TN9 1TJ,TN9 1,558968.0,146257.0,Tonbridge and Malling
B16 8RE,B16 8,405235.0,286522.0,Birmingham
B36 0SY,B36 0,416980.0,289465.0,Solihull
SO3 6QZ,SO3 6,451992.0,107369.0,Fareham
TR20 8FE,TR20 8,145427.0,32121.0,Cornwall
PE24 4PD,PE24 4,549713.0,359372.0,East Lindsey
WV14 6RE,WV14 6,394750.0,297093.0,Wolverhampton
RH16 1LS,RH16 1,532643.0,124829.0,Mid Sussex
PR5 2UU,PR5 2,355055.0,422248.0,South Ribble
E3 2SZ,E3 2,537333.0,184085.0,Tower Hamlets
CO7 7UR,CO7 7,610118.0,226002.0,Tendring
SG12 8HR,SG12 8,538916.0,211750.0,East Hertfordshire
ST2 9BA,ST2 9,390830.0,347509.0,Stoke-on-Trent
B5 4PN,B5 4,407228.0,286554.0,Birmingham
N11 9ES,N11 9,530922.0,191736.0,Enfield
NW1 6JR,NW1 6,527542.0,182063.0,Westminster
WA7 6HA,WA7 6,355136.0,380192.0,Halton
LE2 1FL,LE2 1,459900.0,303700.0,Leicester
SO15 5DG,SO15 5,441027.0,112586.0,Southampton
GU6 7HP,GU6 7,506940.0,138977.0,Waverley
BH1 1ZS,BH1 1,409725.0,92040.0,"Bournemouth, Christchurch and Poole"
TR13 8EG,TR13 8,165870.0,27360.0,Cornwall
ST3 2BX,ST3 2,389081.0,343504.0,Stoke-on-Trent
NN14 4LU,NN14 4,499292.0,279288.0,North Northamptonshire
B61 0UF,B61 0,395991.0,272438.0,Bromsgrove
YO1 1RD,YO1 1,460325.0,451580.0,York
